SubjectNumber	Condition	NumberStickers	NumberEnvelopes	Gender	Agemonths	Ageyears	Agegroups	Subject'sEnvelope	LeftEnvelope	RightEnvelope	absolutenumberofstickersgiven(Conditions1or3:Outof12;Conditions2or4:Outof30)	PercentGiven(Outof100percent)	Giveornot	LargerEnvelopeabs	LargeEnvelopepercent	SmallerEnvelopeabs	SmallEnvelopepercent
"[Included Sample Only]"	"1=12:1; 2=12:2, 3=30:1, 4=30:2"	"1=12; 2=30"	"1=1 recipient; 2=2 recipients"	"1=female; 2=male"			"1=3-4yrs; 2=5-6yrs; 3=7-8yrs; 4=9-11yrs"	"How many stickers did the child keep for themselves (Raw number)"	"1 recipient conditions: How many stickers the subject put in the recipient's envelope; 2 recipient conditions: How many stickers the subject put in the recipient's envelope to their left."	"1 recipient conditions: N/A; 2 recipient conditions: The number of stickers the subject put in the recipient's envelope to their right."	"Regardless of condition, the number of stickers the participant placed in the recipient(s) envelope(s); Raw number"	"Regardless of condition, the proportion of stickers the participant placed in the recipient(s) envelope(s)"	"1=Donated 1 or more stickers to the recipient(s); 0=Did not donate any stickers, kept all stickers for themsleves. "	"Raw number of stickers (out of 30: Condition 2 or 4 only) placed in one of the two recipients' envelopes; the larger of the two values. "	"Proportion of stickers (out of 100%; Condition 2 or 4 only) placed in one of the two recipients' envelopes; the larger of the two values. "	"Raw number of stickers (out of 30: Condition 2 or 4 only) placed in one of the two recipients' envelopes; the smaller of the two values. "	"Proportion of stickers (out of 100%; Condition 2 or 4 only) placed in one of the two recipients' envelopes; the smaller of the two values. "
"1"	"1"	"1"	"1"	"1"	36.0	3.0	"1"	"7"	"5"	""	"5"	"0.42"	"1"	""	""	""	""
"2"	"1"	"1"	"1"	"2"	36.0	3.0	"1"	"12"	"0"	""	"0"	"0"	"0"	""	""	""	""
"3"	"1"	"1"	"1"	"2"	36.0	3.0	"1"	"4"	"8"	""	"8"	"0.67"	"1"	""	""	""	""
"4"	"1"	"1"	"1"	"1"	36.0	3.0	"1"	"7"	"5"	""	"5"	"0.42"	"1"	""	""	""	""
"5"	"1"	"1"	"1"	"2"	36.0	3.0	"1"	"12"	"0"	""	"0"	"0"	"0"	""	""	""	""
"6"	"1"	"1"	"1"	"2"	36.0	3.0	"1"	"8"	"4"	""	"4"	"0.33"	"1"	""	""	""	""
"7"	"2"	"1"	"2"	"1"	36.0	3.0	"1"	"8"	"2"	"2"	"4"	"0.33"	"1"	"2"	"0.5"	"2"	"0.5"
"8"	"2"	"1"	"2"	"2"	36.0	3.0	"1"	"11"	"1"	"0"	"1"	"0.08"	"1"	"1"	"1"	"0"	"0"
"9"	"3"	"2"	"1"	"2"	36.0	3.0	"1"	"26"	"4"	""	"4"	"0.13"	"1"	""	""	""	""
"10"	"3"	"2"	"1"	"2"	36.0	3.0	"1"	"30"	"0"	""	"0"	"0"	"0"	""	""	""	""
"11"	"3"	"2"	"1"	"2"	36.0	3.0	"1"	"12"	"18"	""	"18"	"0.6"	"1"	""	""	""	""
"12"	"3"	"2"	"1"	"1"	36.0	3.0	"1"	"12"	"18"	""	"18"	"0.6"	"1"	""	""	""	""
"13"	"3"	"2"	"1"	"1"	36.0	3.0	"1"	"30"	"0"	""	"0"	"0"	"0"	""	""	""	""
"14"	"4"	"2"	"2"	"1"	36.0	3.0	"1"	"19"	"11"	"5"	"16"	"0.53"	"1"	"11"	"0.6875"	"5"	"0.3125"
"15"	"4"	"2"	"2"	"2"	36.0	3.0	"1"	"23"	"6"	"1"	"7"	"0.23"	"1"	"6"	"0.8571428571428571"	"1"	"0.14285714285714285"
"16"	"4"	"2"	"2"	"1"	36.0	3.0	"1"	"13"	"10"	"7"	"17"	"0.56999999999999995"	"1"	"10"	"0.58823529411764708"	"7"	"0.41176470588235292"
"17"	"4"	"2"	"2"	"1"	36.0	3.0	"1"	"15"	"15"	"0"	"15"	"0.5"	"1"	"15"	"1"	"0"	"0"
"18"	"3"	"2"	"1"	"1"	37.0	3.0	"1"	"22"	"10"	""	"10"	"0.33"	"1"	""	""	""	""
"19"	"3"	"2"	"1"	"2"	37.0	3.0	"1"	"10"	"20"	""	"20"	"0.67"	"1"	""	""	""	""
"20"	"4"	"2"	"2"	"2"	38.0	3.0	"1"	"19"	"5"	"6"	"11"	"0.37"	"1"	"6"	"0.54545454545454541"	"5"	"0.45454545454545453"
"21"	"2"	"1"	"2"	"2"	39.0	3.0	"1"	"11"	"1"	"0"	"1"	"0.08"	"1"	"1"	"1"	"0"	"0"
"22"	"2"	"1"	"2"	"2"	39.0	3.0	"1"	"12"	"0"	"0"	"0"	"0"	"0"	""	""	""	""
"23"	"2"	"1"	"2"	"2"	39.0	3.0	"1"	"10"	"2"	"0"	"2"	"0.17"	"1"	"2"	"1"	"0"	"0"
"24"	"3"	"2"	"1"	"2"	39.0	3.0	"1"	"30"	"0"	""	"0"	"0"	"0"	""	""	""	""
"25"	"4"	"2"	"2"	"1"	39.0	3.0	"1"	"30"	"0"	"0"	"0"	"0"	"0"	""	""	""	""
"26"	"1"	"1"	"1"	"1"	40.0	3.0	"1"	"11"	"1"	""	"1"	"0.08"	"1"	""	""	""	""
"27"	"2"	"1"	"2"	"1"	40.0	3.0	"1"	"12"	"0"	"0"	"0"	"0"	"0"	""	""	""	""
"28"	"2"	"1"	"2"	"2"	40.0	3.0	"1"	"6"	"3"	"3"	"6"	"0.5"	"1"	"3"	"0.5"	"3"	"0.5"
"29"	"3"	"2"	"1"	"2"	40.0	3.0	"1"	"26"	"4"	""	"4"	"0.13"	"1"	""	""	""	""
"30"	"3"	"2"	"1"	"1"	40.0	3.0	"1"	"22"	"8"	""	"8"	"0.27"	"1"	""	""	""	""
"31"	"3"	"2"	"1"	"2"	40.0	3.0	"1"	"21"	"9"	""	"9"	"0.3"	"1"	""	""	""	""
"32"	"1"	"1"	"1"	"1"	41.0	3.0	"1"	"9"	"3"	""	"3"	"0.25"	"1"	""	""	""	""
"33"	"2"	"1"	"2"	"1"	41.0	3.0	"1"	"4"	"4"	"4"	"8"	"0.67"	"1"	"4"	"0.5"	"4"	"0.5"
"34"	"4"	"2"	"2"	"1"	41.0	3.0	"1"	"11"	"9"	"10"	"19"	"0.63"	"1"	"10"	"0.52631578947368418"	"9"	"0.47368421052631576"
"35"	"4"	"2"	"2"	"2"	41.0	3.0	"1"	"30"	"0"	"0"	"0"	"0"	"0"	""	""	""	""
"36"	"2"	"1"	"2"	"1"	42.0	3.0	"1"	"11"	"1"	"0"	"1"	"0.08"	"1"	"1"	"1"	"0"	"0"
"37"	"4"	"2"	"2"	"1"	42.0	3.0	"1"	"25"	"3"	"2"	"5"	"0.17"	"1"	"3"	"0.6"	"2"	"0.4"
"38"	"2"	"1"	"2"	"2"	43.0	3.0	"1"	"12"	"0"	"0"	"0"	"0"	"0"	""	""	""	""
"39"	"4"	"2"	"2"	"2"	43.0	3.0	"1"	"13"	"11"	"6"	"17"	"0.56999999999999995"	"1"	"11"	"0.6470588235294118"	"6"	"0.35294117647058826"
"40"	"2"	"1"	"2"	"2"	44.0	3.0	"1"	"12"	"0"	"0"	"0"	"0"	"0"	""	""	""	""
"41"	"1"	"1"	"1"	"1"	45.0	3.0	"1"	"6"	"6"	""	"6"	"0.5"	"1"	""	""	""	""
"42"	"2"	"1"	"2"	"1"	45.0	3.0	"1"	"11"	"1"	"0"	"1"	"0.08"	"1"	"1"	"1"	"0"	"0"
"43"	"3"	"2"	"1"	"1"	45.0	3.0	"1"	"30"	"0"	""	"0"	"0"	"0"	""	""	""	""
"44"	"4"	"2"	"2"	"2"	45.0	3.0	"1"	"12"	"18"	"0"	"18"	"0.6"	"1"	"18"	"1"	"0"	"0"
"45"	"4"	"2"	"2"	"1"	45.0	3.0	"1"	"19"	"7"	"4"	"11"	"0.37"	"1"	"7"	"0.63636363636363635"	"4"	"0.36363636363636365"
"46"	"1"	"1"	"1"	"1"	46.0	3.0	"1"	"4"	"8"	""	"8"	"0.67"	"1"	""	""	""	""
"47"	"2"	"1"	"2"	"2"	46.0	3.0	"1"	"9"	"2"	"1"	"3"	"0.25"	"1"	"2"	"0.66666666666666663"	"1"	"0.33333333333333331"
"48"	"3"	"2"	"1"	"1"	46.0	3.0	"1"	"16"	"14"	""	"14"	"0.47"	"1"	""	""	""	""
"49"	"3"	"2"	"1"	"2"	46.0	3.0	"1"	"11"	"19"	""	"19"	"0.63"	"1"	""	""	""	""
"50"	"4"	"2"	"2"	"1"	46.0	3.0	"1"	"25"	"4"	"1"	"5"	"0.17"	"1"	"4"	"0.8"	"1"	"0.2"
"51"	"1"	"1"	"1"	"1"	47.0	3.0	"1"	"6"	"6"	""	"6"	"0.5"	"1"	""	""	""	""
"52"	"3"	"2"	"1"	"2"	47.0	3.0	"1"	"28"	"2"	""	"2"	"7.0000000000000007E-2"	"1"	""	""	""	""
"53"	"1"	"1"	"1"	"1"	48.0	4.0	"1"	"8"	"4"	""	"4"	"0.33"	"1"	""	""	""	""
"54"	"1"	"1"	"1"	"1"	48.0	4.0	"1"	"6"	"6"	""	"6"	"0.5"	"1"	""	""	""	""
"55"	"1"	"1"	"1"	"2"	48.0	4.0	"1"	"7"	"5"	""	"5"	"0.42"	"1"	""	""	""	""
"56"	"1"	"1"	"1"	"2"	48.0	4.0	"1"	"4"	"8"	""	"8"	"0.67"	"1"	""	""	""	""
"57"	"1"	"1"	"1"	"1"	48.0	4.0	"1"	"12"	"0"	""	"0"	"0"	"0"	""	""	""	""
"58"	"1"	"1"	"1"	"1"	48.0	4.0	"1"	"10"	"2"	""	"2"	"0.17"	"1"	""	""	""	""
"59"	"2"	"1"	"2"	"1"	48.0	4.0	"1"	"6"	"3"	"3"	"6"	"0.5"	"1"	"3"	"0.5"	"3"	"0.5"
"60"	"2"	"1"	"2"	"1"	48.0	4.0	"1"	"10"	"2"	"0"	"2"	"0.17"	"1"	"2"	"1"	"0"	"0"
"61"	"2"	"1"	"2"	"2"	48.0	4.0	"1"	"10"	"1"	"1"	"2"	"0.17"	"1"	"1"	"0.5"	"1"	"0.5"
"62"	"3"	"2"	"1"	"1"	48.0	4.0	"1"	"23"	"7"	""	"7"	"0.23"	"1"	""	""	""	""
"63"	"3"	"2"	"1"	"1"	48.0	4.0	"1"	"30"	"0"	""	"0"	"0"	"0"	""	""	""	""
"64"	"3"	"2"	"1"	"2"	48.0	4.0	"1"	"30"	"0"	""	"0"	"0"	"0"	""	""	""	""
"65"	"3"	"2"	"1"	"2"	48.0	4.0	"1"	"30"	"0"	""	"0"	"0"	"0"	""	""	""	""
"66"	"3"	"2"	"1"	"1"	48.0	4.0	"1"	"27"	"3"	""	"3"	"0.1"	"1"	""	""	""	""
"67"	"3"	"2"	"1"	"1"	48.0	4.0	"1"	"8"	"22"	""	"22"	"0.73"	"1"	""	""	""	""
"68"	"4"	"2"	"2"	"2"	48.0	4.0	"1"	"28"	"1"	"1"	"2"	"7.0000000000000007E-2"	"1"	"1"	"0.5"	"1"	"0.5"
"69"	"4"	"2"	"2"	"1"	48.0	4.0	"1"	"14"	"16"	"0"	"16"	"0.53"	"1"	"16"	"1"	"0"	"0"
"70"	"3"	"2"	"1"	"1"	49.0	4.0	"1"	"22"	"8"	""	"8"	"0.27"	"1"	""	""	""	""
"71"	"3"	"2"	"1"	"1"	49.0	4.0	"1"	"30"	"0"	""	"0"	"0"	"0"	""	""	""	""
"72"	"4"	"2"	"2"	"1"	49.0	4.0	"1"	"10"	"12"	"8"	"20"	"0.67"	"1"	"12"	"0.6"	"8"	"0.4"
"73"	"4"	"2"	"2"	"2"	49.0	4.0	"1"	"19"	"5"	"6"	"11"	"0.37"	"1"	"6"	"0.54545454545454541"	"5"	"0.45454545454545453"
"74"	"4"	"2"	"2"	"2"	49.0	4.0	"1"	"30"	"0"	"0"	"0"	"0"	"0"	""	""	""	""
"75"	"4"	"2"	"2"	"1"	49.0	4.0	"1"	"30"	"0"	"0"	"0"	"0"	"0"	""	""	""	""
"76"	"1"	"1"	"1"	"1"	50.0	4.0	"1"	"4"	"8"	""	"8"	"0.67"	"1"	""	""	""	""
"77"	"2"	"1"	"2"	"1"	50.0	4.0	"1"	"6"	"6"	"0"	"6"	"0.5"	"1"	"6"	"1"	"0"	"0"
"78"	"3"	"2"	"1"	"1"	50.0	4.0	"1"	"14"	"16"	""	"16"	"0.53"	"1"	""	""	""	""
"79"	"1"	"1"	"1"	"2"	51.0	4.0	"1"	"5"	"5"	""	"5"	"0.42"	"1"	""	""	""	""
"80"	"1"	"1"	"1"	"2"	51.0	4.0	"1"	"12"	"0"	""	"0"	"0"	"0"	""	""	""	""
"81"	"2"	"1"	"2"	"2"	52.0	4.0	"1"	"8"	"2"	"2"	"4"	"0.33"	"1"	"2"	"0.5"	"2"	"0.5"
"82"	"3"	"2"	"1"	"2"	52.0	4.0	"1"	"30"	"0"	""	"0"	"0"	"0"	""	""	""	""
"83"	"3"	"2"	"1"	"1"	52.0	4.0	"1"	"15"	"15"	""	"15"	"0.5"	"1"	""	""	""	""
"84"	"3"	"2"	"1"	"1"	52.0	4.0	"1"	"30"	"0"	""	"0"	"0"	"0"	""	""	""	""
"85"	"4"	"2"	"2"	"2"	52.0	4.0	"1"	"14"	"8"	"8"	"16"	"0.53"	"1"	"8"	"0.5"	"8"	"0.5"
"86"	"1"	"1"	"1"	"1"	53.0	4.0	"1"	"12"	"0"	""	"0"	"0"	"0"	""	""	""	""
"87"	"3"	"2"	"1"	"1"	53.0	4.0	"1"	"21"	"9"	""	"9"	"0.3"	"1"	""	""	""	""
"88"	"3"	"2"	"1"	"2"	53.0	4.0	"1"	"30"	"0"	""	"0"	"0"	"0"	""	""	""	""
"89"	"4"	"2"	"2"	"2"	53.0	4.0	"1"	"30"	"0"	"0"	"0"	"0"	"0"	""	""	""	""
"90"	"1"	"1"	"1"	"2"	54.0	4.0	"1"	"11"	"1"	""	"1"	"0.08"	"1"	""	""	""	""
"91"	"1"	"1"	"1"	"2"	54.0	4.0	"1"	"12"	"0"	""	"0"	"0"	"0"	""	""	""	""
"92"	"2"	"1"	"2"	"1"	54.0	4.0	"1"	"6"	"3"	"3"	"6"	"0.5"	"1"	"3"	"0.5"	"3"	"0.5"
"93"	"2"	"1"	"2"	"2"	55.0	4.0	"1"	"12"	"0"	"0"	"0"	"0"	"0"	""	""	""	""
"94"	"2"	"1"	"2"	"1"	55.0	4.0	"1"	"5"	"4"	"3"	"7"	"0.57999999999999996"	"1"	"4"	"0.5714285714285714"	"3"	"0.42857142857142855"
"95"	"2"	"1"	"2"	"1"	55.0	4.0	"1"	"4"	"6"	"2"	"8"	"0.67"	"1"	"6"	"0.75"	"2"	"0.25"
"96"	"4"	"2"	"2"	"1"	55.0	4.0	"1"	"17"	"4"	"9"	"13"	"0.43"	"1"	"9"	"0.69230769230769229"	"4"	"0.30769230769230771"
"97"	"2"	"1"	"2"	"1"	56.0	4.0	"1"	"12"	"0"	"0"	"0"	"0"	"0"	""	""	""	""
"98"	"2"	"1"	"2"	"2"	56.0	4.0	"1"	"4"	"4"	"4"	"8"	"0.67"	"1"	"4"	"0.5"	"4"	"0.5"
"99"	"2"	"1"	"2"	"2"	56.0	4.0	"1"	"8"	"4"	"0"	"4"	"0.33"	"1"	"4"	"1"	"0"	"0"
"100"	"2"	"1"	"2"	"1"	56.0	4.0	"1"	"4"	"4"	"4"	"8"	"0.67"	"1"	"4"	"0.5"	"4"	"0.5"
"101"	"2"	"1"	"2"	"2"	56.0	4.0	"1"	"7"	"2"	"3"	"5"	"0.42"	"1"	"3"	"0.6"	"2"	"0.4"
"102"	"3"	"2"	"1"	"1"	56.0	4.0	"1"	"30"	"0"	""	"0"	"0"	"0"	""	""	""	""
"103"	"3"	"2"	"1"	"1"	56.0	4.0	"1"	"30"	"0"	""	"0"	"0"	"0"	""	""	""	""
"104"	"4"	"2"	"2"	"1"	56.0	4.0	"1"	"30"	"0"	"0"	"0"	"0"	"0"	""	""	""	""
"105"	"3"	"2"	"1"	"2"	57.0	4.0	"1"	"24"	"6"	""	"6"	"0.2"	"1"	""	""	""	""
"106"	"2"	"1"	"2"	"1"	58.0	4.0	"1"	"7"	"3"	"2"	"5"	"0.42"	"1"	"3"	"0.6"	"2"	"0.4"
"107"	"3"	"2"	"1"	"1"	58.0	4.0	"1"	"22"	"8"	""	"8"	"0.27"	"1"	""	""	""	""
"108"	"3"	"2"	"1"	"2"	58.0	4.0	"1"	"13"	"17"	""	"17"	"0.56999999999999995"	"1"	""	""	""	""
"109"	"1"	"1"	"1"	"1"	59.0	4.0	"1"	"6"	"6"	""	"6"	"0.5"	"1"	""	""	""	""
"110"	"2"	"1"	"2"	"2"	59.0	4.0	"1"	"6"	"2"	"4"	"6"	"0.5"	"1"	"4"	"0.66666666666666663"	"2"	"0.33333333333333331"
"111"	"4"	"2"	"2"	"1"	59.0	4.0	"1"	"15"	"11"	"4"	"15"	"0.5"	"1"	"11"	"0.73333333333333328"	"4"	"0.26666666666666666"
"112"	"1"	"1"	"1"	"2"	60.0	5.0	"2"	"9"	"3"	""	"3"	"0.25"	"1"	""	""	""	""
"113"	"1"	"1"	"1"	"2"	60.0	5.0	"2"	"7"	"5"	""	"5"	"0.42"	"1"	""	""	""	""
"114"	"1"	"1"	"1"	"1"	60.0	5.0	"2"	"12"	"0"	""	"0"	"0"	"0"	""	""	""	""
"115"	"1"	"1"	"1"	"2"	60.0	5.0	"2"	"9"	"3"	""	"3"	"0.25"	"1"	""	""	""	""
"116"	"1"	"1"	"1"	"1"	60.0	5.0	"2"	"6"	"6"	""	"6"	"0.5"	"1"	""	""	""	""
"117"	"2"	"1"	"2"	"2"	60.0	5.0	"2"	"2"	"4"	"6"	"10"	"0.83"	"1"	"6"	"0.6"	"4"	"0.4"
"118"	"2"	"1"	"2"	"1"	60.0	5.0	"2"	"7"	"5"	"0"	"5"	"0.42"	"1"	"5"	"1"	"0"	"0"
"119"	"2"	"1"	"2"	"2"	60.0	5.0	"2"	"11"	"1"	"0"	"1"	"0.08"	"1"	"1"	"1"	"0"	"0"
"120"	"2"	"1"	"2"	"2"	60.0	5.0	"2"	"3"	"5"	"4"	"9"	"0.75"	"1"	"5"	"0.55555555555555558"	"4"	"0.44444444444444442"
"121"	"2"	"1"	"2"	"2"	60.0	5.0	"2"	"3"	"8"	"1"	"9"	"0.75"	"1"	"8"	"0.88888888888888884"	"1"	"0.1111111111111111"
"122"	"3"	"2"	"1"	"2"	60.0	5.0	"2"	"20"	"10"	""	"10"	"0.33"	"1"	""	""	""	""
"123"	"4"	"2"	"2"	"1"	60.0	5.0	"2"	"18"	"6"	"6"	"12"	"0.4"	"1"	"6"	"0.5"	"6"	"0.5"
"124"	"2"	"1"	"2"	"2"	60.0	5.0	"2"	"12"	"0"	"0"	"0"	"0"	"0"	""	""	""	""
"125"	"2"	"1"	"2"	"1"	60.0	5.0	"2"	"8"	"2"	"2"	"4"	"0.33333333333333331"	"1"	"2"	"0.5"	"2"	"0.5"
"126"	"1"	"1"	"1"	"1"	61.0	5.0	"2"	"6"	"6"	""	"6"	"0.5"	"1"	""	""	""	""
"127"	"3"	"2"	"1"	"1"	61.0	5.0	"2"	"16"	"14"	""	"14"	"0.47"	"1"	""	""	""	""
"128"	"3"	"2"	"1"	"1"	61.0	5.0	"2"	"23"	"7"	""	"7"	"0.23"	"1"	""	""	""	""
"129"	"3"	"2"	"1"	"2"	61.0	5.0	"2"	"28"	"2"	""	"2"	"7.0000000000000007E-2"	"1"	""	""	""	""
"130"	"3"	"2"	"1"	"1"	61.0	5.0	"2"	"30"	"0"	""	"0"	"0"	"0"	""	""	""	""
"131"	"3"	"2"	"1"	"1"	62.0	5.0	"2"	"22"	"8"	""	"8"	"0.27"	"1"	""	""	""	""
"132"	"4"	"2"	"2"	"1"	62.0	5.0	"2"	"30"	"0"	"0"	"0"	"0"	"0"	""	""	""	""
"133"	"3"	"2"	"1"	"1"	62.0	5.0	"2"	"15"	"15"	""	"15"	"0.5"	"1"	""	""	""	""
"134"	"2"	"1"	"2"	"2"	62.0	5.0	"2"	"3"	"7"	"2"	"9"	"0.75"	"1"	"7"	"0.77777777777777779"	"2"	"0.22222222222222221"
"135"	"1"	"1"	"1"	"2"	62.0	5.0	"2"	"12"	"0"	""	"0"	"0"	"0"	""	""	""	""
"136"	"1"	"1"	"1"	"1"	63.0	5.0	"2"	"12"	"0"	""	"0"	"0"	"0"	""	""	""	""
"137"	"1"	"1"	"1"	"1"	63.0	5.0	"2"	"10"	"2"	""	"2"	"0.17"	"1"	""	""	""	""
"138"	"1"	"1"	"1"	"1"	63.0	5.0	"2"	"6"	"6"	""	"6"	"0.5"	"1"	""	""	""	""
"139"	"2"	"1"	"2"	"1"	63.0	5.0	"2"	"6"	"3"	"3"	"6"	"0.5"	"1"	"3"	"0.5"	"3"	"0.5"
"140"	"4"	"2"	"2"	"1"	63.0	5.0	"2"	"11"	"10"	"9"	"19"	"0.63"	"1"	"10"	"0.52631578947368418"	"9"	"0.47368421052631576"
"141"	"4"	"2"	"2"	"2"	63.0	5.0	"2"	"17"	"7"	"6"	"13"	"0.43"	"1"	"7"	"0.53846153846153844"	"6"	"0.46153846153846156"
"142"	"3"	"2"	"1"	"1"	63.0	5.0	"2"	"17"	"13"	""	"13"	"0.43333333333333335"	"1"	""	""	""	""
"143"	"1"	"1"	"1"	"1"	64.0	5.0	"2"	"7"	"5"	""	"5"	"0.42"	"1"	""	""	""	""
"144"	"2"	"1"	"2"	"2"	64.0	5.0	"2"	"12"	"0"	"0"	"0"	"0"	"0"	""	""	""	""
"145"	"2"	"1"	"2"	"2"	64.0	5.0	"2"	"6"	"3"	"3"	"6"	"0.5"	"1"	"3"	"0.5"	"3"	"0.5"
"146"	"3"	"2"	"1"	"1"	64.0	5.0	"2"	"29"	"1"	""	"1"	"0.03"	"1"	""	""	""	""
"147"	"3"	"2"	"1"	"2"	64.0	5.0	"2"	"23"	"7"	""	"7"	"0.23"	"1"	""	""	""	""
"148"	"4"	"2"	"2"	"1"	64.0	5.0	"2"	"15"	"8"	"7"	"15"	"0.5"	"1"	"8"	"0.53333333333333333"	"7"	"0.46666666666666667"
"149"	"1"	"1"	"1"	"2"	64.0	5.0	"2"	"4"	"8"	""	"8"	"0.66666666666666663"	"1"	""	""	""	""
"150"	"1"	"1"	"1"	"1"	65.0	5.0	"2"	"12"	"0"	""	"0"	"0"	"0"	""	""	""	""
"151"	"1"	"1"	"1"	"1"	65.0	5.0	"2"	"7"	"5"	""	"5"	"0.42"	"1"	""	""	""	""
"152"	"2"	"1"	"2"	"2"	65.0	5.0	"2"	"12"	"0"	"0"	"0"	"0"	"0"	""	""	""	""
"153"	"2"	"1"	"2"	"2"	65.0	5.0	"2"	"12"	"0"	"0"	"0"	"0"	"0"	""	""	""	""
"154"	"3"	"2"	"1"	"1"	65.0	5.0	"2"	"21"	"9"	""	"9"	"0.3"	"1"	""	""	""	""
"155"	"3"	"2"	"1"	"2"	65.0	5.0	"2"	"23"	"7"	""	"7"	"0.23"	"1"	""	""	""	""
"156"	"4"	"2"	"2"	"2"	65.0	5.0	"2"	"15"	"8"	"7"	"15"	"0.5"	"1"	"8"	"0.53333333333333333"	"7"	"0.46666666666666667"
"157"	"4"	"2"	"2"	"2"	65.0	5.0	"2"	"30"	"0"	"0"	"0"	"0"	"0"	""	""	""	""
"158"	"4"	"2"	"2"	"1"	65.0	5.0	"2"	"7"	"14"	"9"	"23"	"0.76666666666666672"	"1"	"14"	"0.60869565217391308"	"9"	"0.39130434782608697"
"159"	"1"	"1"	"1"	"1"	66.0	5.0	"2"	"12"	"0"	""	"0"	"0"	"0"	""	""	""	""
"160"	"1"	"1"	"1"	"1"	66.0	5.0	"2"	"7"	"5"	""	"5"	"0.42"	"1"	""	""	""	""
"161"	"3"	"2"	"1"	"2"	66.0	5.0	"2"	"30"	"0"	""	"0"	"0"	"0"	""	""	""	""
"162"	"3"	"2"	"1"	"1"	66.0	5.0	"2"	"23"	"7"	""	"7"	"0.23333333333333334"	"1"	""	""	""	""
"163"	"1"	"1"	"1"	"1"	66.0	5.0	"2"	"12"	"0"	""	"0"	"0"	"0"	""	""	""	""
"164"	"3"	"2"	"1"	"1"	67.0	5.0	"2"	"30"	"0"	""	"0"	"0"	"0"	""	""	""	""
"165"	"2"	"1"	"2"	"2"	68.0	5.0	"2"	"6"	"3"	"3"	"6"	"0.5"	"1"	"3"	"0.5"	"3"	"0.5"
"166"	"3"	"2"	"1"	"2"	68.0	5.0	"2"	"12"	"18"	""	"18"	"0.6"	"1"	""	""	""	""
"167"	"4"	"2"	"2"	"2"	68.0	5.0	"2"	"26"	"2"	"2"	"4"	"0.13"	"1"	"2"	"0.5"	"2"	"0.5"
"168"	"4"	"2"	"2"	"1"	68.0	5.0	"2"	"16"	"9"	"5"	"14"	"0.47"	"1"	"9"	"0.6428571428571429"	"5"	"0.35714285714285715"
"169"	"1"	"1"	"1"	"1"	69.0	5.0	"2"	"9"	"3"	""	"3"	"0.25"	"1"	""	""	""	""
"170"	"2"	"1"	"2"	"1"	69.0	5.0	"2"	"6"	"4"	"2"	"6"	"0.5"	"1"	"4"	"0.66666666666666663"	"2"	"0.33333333333333331"
"171"	"3"	"2"	"1"	"2"	69.0	5.0	"2"	"30"	"0"	""	"0"	"0"	"0"	""	""	""	""
"172"	"3"	"2"	"1"	"1"	69.0	5.0	"2"	"30"	"0"	""	"0"	"0"	"0"	""	""	""	""
"173"	"3"	"2"	"1"	"2"	69.0	5.0	"2"	"22"	"8"	""	"8"	"0.27"	"1"	""	""	""	""
"174"	"4"	"2"	"2"	"1"	69.0	5.0	"2"	"11"	"19"	"0"	"19"	"0.63"	"1"	"19"	"1"	"0"	"0"
"175"	"2"	"1"	"2"	"1"	70.0	5.0	"2"	"4"	"4"	"4"	"8"	"0.67"	"1"	"4"	"0.5"	"4"	"0.5"
"176"	"2"	"1"	"2"	"2"	70.0	5.0	"2"	"6"	"3"	"3"	"6"	"0.5"	"1"	"3"	"0.5"	"3"	"0.5"
"177"	"4"	"2"	"2"	"1"	70.0	5.0	"2"	"10"	"8"	"12"	"20"	"0.67"	"1"	"12"	"0.6"	"8"	"0.4"
"178"	"4"	"2"	"2"	"1"	70.0	5.0	"2"	"14"	"8"	"8"	"16"	"0.53"	"1"	"8"	"0.5"	"8"	"0.5"
"179"	"4"	"2"	"2"	"2"	70.0	5.0	"2"	"5"	"10"	"15"	"25"	"0.83"	"1"	"15"	"0.6"	"10"	"0.4"
"180"	"4"	"2"	"2"	"1"	70.0	5.0	"2"	"28"	"1"	"1"	"2"	"6.6666666666666666E-2"	"1"	"1"	"0.5"	"1"	"0.5"
"181"	"3"	"2"	"1"	"2"	70.0	5.0	"2"	"30"	"0"	""	"0"	"0"	"0"	""	""	""	""
"182"	"4"	"2"	"2"	"2"	70.0	5.0	"2"	"11"	"9"	"10"	"19"	"0.6333333333333333"	"1"	"10"	"0.52631578947368418"	"9"	"0.47368421052631576"
"183"	"1"	"1"	"1"	"2"	70.0	5.0	"2"	"12"	"0"	""	"0"	"0"	"0"	""	""	""	""
"184"	"2"	"1"	"2"	"1"	71.0	5.0	"2"	"8"	"1"	"3"	"4"	"0.33"	"1"	"3"	"0.75"	"1"	"0.25"
"185"	"4"	"2"	"2"	"1"	71.0	5.0	"2"	"15"	"15"	""	"15"	"0.5"	"1"	""	""	""	""
"186"	"2"	"1"	"2"	"1"	72.0	6.0	"2"	"9"	"1"	"2"	"3"	"0.25"	"1"	"2"	"0.66666666666666663"	"1"	"0.33333333333333331"
"187"	"2"	"1"	"2"	"1"	72.0	6.0	"2"	"4"	"4"	"4"	"8"	"0.67"	"1"	"4"	"0.5"	"4"	"0.5"
"188"	"2"	"1"	"2"	"1"	72.0	6.0	"2"	"6"	"2"	"4"	"6"	"0.5"	"1"	"4"	"0.66666666666666663"	"2"	"0.33333333333333331"
"189"	"3"	"2"	"1"	"1"	72.0	6.0	"2"	"23"	"7"	""	"7"	"0.23"	"1"	""	""	""	""
"190"	"3"	"2"	"1"	"1"	72.0	6.0	"2"	"30"	"0"	""	"0"	"0"	"0"	""	""	""	""
"191"	"3"	"2"	"1"	"2"	72.0	6.0	"2"	"29"	"1"	""	"1"	"0.03"	"1"	""	""	""	""
"192"	"4"	"2"	"2"	"2"	72.0	6.0	"2"	"30"	"0"	"0"	"0"	"0"	"0"	""	""	""	""
"193"	"4"	"2"	"2"	"1"	72.0	6.0	"2"	"10"	"10"	"10"	"20"	"0.67"	"1"	"10"	"0.5"	"10"	"0.5"
"194"	"4"	"2"	"2"	"1"	72.0	6.0	"2"	"19"	"5"	"6"	"11"	"0.36666666666666664"	"1"	"6"	"0.54545454545454541"	"5"	"0.45454545454545453"
"195"	"3"	"2"	"1"	"2"	73.0	6.0	"2"	"19"	"11"	""	"11"	"0.37"	"1"	""	""	""	""
"196"	"4"	"2"	"2"	"1"	73.0	6.0	"2"	"28"	"1"	"1"	"2"	"7.0000000000000007E-2"	"1"	"1"	"0.5"	"1"	"0.5"
"197"	"1"	"1"	"1"	"1"	73.0	6.0	"2"	"10"	"2"	""	"2"	"0.16666666666666666"	"1"	""	""	""	""
"198"	"4"	"2"	"2"	"2"	73.0	6.0	"2"	"18"	"7"	"5"	"12"	"0.4"	"1"	"7"	"0.58333333333333337"	"5"	"0.41666666666666669"
"199"	"1"	"1"	"1"	"1"	74.0	6.0	"2"	"8"	"4"	""	"4"	"0.33"	"1"	""	""	""	""
"200"	"4"	"2"	"2"	"2"	74.0	6.0	"2"	"30"	"0"	"0"	"0"	"0"	"0"	""	""	""	""
"201"	"4"	"2"	"2"	"1"	74.0	6.0	"2"	"28"	"2"	"0"	"2"	"7.0000000000000007E-2"	"1"	"2"	"1"	"0"	"0"
"202"	"3"	"2"	"1"	"2"	74.0	6.0	"2"	"14"	"16"	""	"16"	"0.53333333333333333"	"1"	""	""	""	""
"203"	"3"	"2"	"1"	"2"	74.0	6.0	"2"	"10"	"20"	""	"20"	"0.66666666666666663"	"1"	""	""	""	""
"204"	"1"	"1"	"1"	"2"	77.0	6.0	"2"	"5"	"7"	""	"7"	"0.58333333333333337"	"1"	""	""	""	""
"205"	"1"	"1"	"1"	"1"	78.0	6.0	"2"	"6"	"6"	""	"6"	"0.5"	"1"	""	""	""	""
"206"	"1"	"1"	"1"	"1"	78.0	6.0	"2"	"6"	"6"	""	"6"	"0.5"	"1"	""	""	""	""
"207"	"1"	"1"	"1"	"1"	78.0	6.0	"2"	"7"	"5"	""	"5"	"0.41666666666666669"	"1"	""	""	""	""
"208"	"2"	"1"	"2"	"2"	78.0	6.0	"2"	"6"	"6"	"0"	"6"	"0.5"	"1"	"6"	"1"	"0"	"0"
"209"	"2"	"1"	"2"	"2"	78.0	6.0	"2"	"6"	"3"	"3"	"6"	"0.5"	"1"	"3"	"0.5"	"3"	"0.5"
"210"	"2"	"1"	"2"	"1"	78.0	6.0	"2"	"10"	"1"	"1"	"2"	"0.16666666666666666"	"1"	"1"	"0.5"	"1"	"0.5"
"211"	"2"	"1"	"2"	"1"	78.0	6.0	"2"	"10"	"1"	"1"	"2"	"0.16666666666666666"	"1"	"1"	"0.5"	"1"	"0.5"
"212"	"1"	"1"	"1"	"1"	79.0	6.0	"2"	"6"	"6"	""	"6"	"0.5"	"1"	""	""	""	""
"213"	"2"	"1"	"2"	"1"	79.0	6.0	"2"	"4"	"4"	"4"	"8"	"0.67"	"1"	"4"	"0.5"	"4"	"0.5"
"214"	"2"	"1"	"2"	"2"	79.0	6.0	"2"	"6"	"3"	"3"	"6"	"0.5"	"1"	"3"	"0.5"	"3"	"0.5"
"215"	"3"	"2"	"1"	"2"	79.0	6.0	"2"	"28"	"2"	"0"	"2"	"6.6666666666666666E-2"	"1"	"2"	"1"	"0"	"0"
"216"	"4"	"2"	"2"	"1"	80.0	6.0	"2"	"28"	"1"	"1"	"2"	"7.0000000000000007E-2"	"1"	"1"	"0.5"	"1"	"0.5"
"217"	"2"	"1"	"2"	"2"	81.0	6.0	"2"	"10"	"2"	"0"	"2"	"0.17"	"1"	"2"	"1"	"0"	"0"
"218"	"2"	"1"	"2"	"2"	81.0	6.0	"2"	"4"	"4"	"4"	"8"	"0.67"	"1"	"4"	"0.5"	"4"	"0.5"
"219"	"3"	"2"	"1"	"2"	81.0	6.0	"2"	"9"	"21"	""	"21"	"0.7"	"0"	""	""	""	""
"220"	"1"	"1"	"1"	"1"	82.0	6.0	"2"	"12"	"0"	""	"0"	"0"	"0"	""	""	""	""
"221"	"1"	"1"	"1"	"2"	82.0	6.0	"2"	"9"	"3"	""	"3"	"0.25"	"1"	""	""	""	""
"222"	"3"	"2"	"1"	"2"	82.0	6.0	"2"	"5"	"25"	""	"25"	"0.83"	"1"	""	""	""	""
"223"	"1"	"1"	"1"	"2"	82.0	6.0	"2"	"6"	"6"	""	"6"	"0.5"	"1"	""	""	""	""
"224"	"2"	"1"	"2"	"2"	82.0	6.0	"2"	"5"	"4"	"3"	"7"	"0.58333333333333337"	"1"	"4"	"0.5714285714285714"	"3"	"0.42857142857142855"
"225"	"2"	"1"	"2"	"1"	83.0	6.0	"2"	"12"	"0"	"0"	"0"	"0"	"0"	""	""	""	""
"226"	"3"	"2"	"1"	"2"	83.0	6.0	"2"	"18"	"12"	""	"12"	"0.4"	"1"	""	""	""	""
"227"	"1"	"1"	"1"	"1"	84.0	7.0	"3"	"6"	"6"	""	"6"	"0.5"	"1"	""	""	""	""
"228"	"1"	"1"	"1"	"1"	84.0	7.0	"3"	"12"	"0"	""	"0"	"0"	"0"	""	""	""	""
"229"	"4"	"2"	"2"	"1"	84.0	7.0	"3"	"26"	"2"	"2"	"4"	"0.13"	"1"	"2"	"0.5"	"2"	"0.5"
"230"	"4"	"2"	"2"	"1"	84.0	7.0	"3"	"26"	"2"	"2"	"4"	"0.13"	"1"	"2"	"0.5"	"2"	"0.5"
"231"	"2"	"1"	"2"	"2"	84.0	7.0	"3"	"1"	"0"	"11"	"11"	"0.91666666666666663"	"1"	"11"	"1"	"0"	"0"
"232"	"2"	"1"	"2"	"1"	85.0	7.0	"3"	"8"	"2"	"2"	"4"	"0.33"	"1"	"2"	"0.5"	"2"	"0.5"
"233"	"3"	"2"	"1"	"1"	85.0	7.0	"3"	"22"	"8"	""	"8"	"0.27"	"1"	""	""	""	""
"234"	"2"	"1"	"2"	"2"	85.0	7.0	"3"	"2"	"5"	"5"	"10"	"0.83333333333333337"	"1"	"5"	"0.5"	"5"	"0.5"
"235"	"3"	"2"	"1"	"1"	85.0	7.0	"3"	"22"	"8"	""	"8"	"0.26666666666666666"	"1"	""	""	""	""
"236"	"1"	"1"	"1"	"1"	85.0	7.0	"3"	"12"	"0"	""	"0"	"0"	"0"	""	""	""	""
"237"	"3"	"2"	"1"	"1"	86.0	7.0	"3"	"15"	"15"	""	"15"	"0.5"	"1"	""	""	""	""
"238"	"3"	"2"	"1"	"1"	86.0	7.0	"3"	"17"	"13"	""	"13"	"0.43"	"1"	""	""	""	""
"239"	"3"	"2"	"1"	"1"	86.0	7.0	"3"	"16"	"14"	""	"14"	"0.47"	"1"	""	""	""	""
"240"	"4"	"2"	"2"	"1"	86.0	7.0	"3"	"16"	"7"	"7"	"14"	"0.47"	"1"	"7"	"0.5"	"7"	"0.5"
"241"	"2"	"1"	"2"	"2"	86.0	7.0	"3"	"4"	"4"	"4"	"8"	"0.66666666666666663"	"1"	"4"	"0.5"	"4"	"0.5"
"242"	"1"	"1"	"1"	"1"	87.0	7.0	"3"	"6"	"6"	""	"6"	"0.5"	"1"	""	""	""	""
"243"	"1"	"1"	"1"	"1"	87.0	7.0	"3"	"6"	"6"	""	"6"	"0.5"	"1"	""	""	""	""
"244"	"2"	"1"	"2"	"1"	87.0	7.0	"3"	"9"	"2"	"1"	"3"	"0.25"	"1"	"2"	"0.66666666666666663"	"1"	"0.33333333333333331"
"245"	"3"	"2"	"1"	"1"	87.0	7.0	"3"	"15"	"15"	""	"15"	"0.5"	"1"	""	""	""	""
"246"	"4"	"2"	"2"	"1"	87.0	7.0	"3"	"13"	"9"	"8"	"17"	"0.56666666666666665"	"1"	"9"	"0.52941176470588236"	"8"	"0.47058823529411764"
"247"	"3"	"2"	"1"	"2"	87.0	7.0	"3"	"22"	"8"	""	"8"	"0.26666666666666666"	"1"	""	""	""	""
"248"	"3"	"2"	"1"	"1"	88.0	7.0	"3"	"18"	"12"	""	"12"	"0.4"	"1"	""	""	""	""
"249"	"1"	"1"	"1"	"2"	89.0	7.0	"3"	"6"	"6"	""	"6"	"0.5"	"1"	""	""	""	""
"250"	"1"	"1"	"1"	"2"	89.0	7.0	"3"	"10"	"2"	""	"2"	"0.17"	"1"	""	""	""	""
"251"	"1"	"1"	"1"	"2"	89.0	7.0	"3"	"9"	"3"	""	"3"	"0.25"	"1"	""	""	""	""
"252"	"2"	"1"	"2"	"1"	89.0	7.0	"3"	"6"	"3"	"3"	"6"	"0.5"	"1"	"3"	"0.5"	"3"	"0.5"
"253"	"2"	"1"	"2"	"1"	89.0	7.0	"3"	"30"	"0"	"0"	"0"	"0"	"0"	""	""	""	""
"254"	"1"	"1"	"1"	"2"	90.0	7.0	"3"	"6"	"6"	""	"6"	"0.5"	"1"	""	""	""	""
"255"	"1"	"1"	"1"	"2"	90.0	7.0	"3"	"6"	"6"	""	"6"	"0.5"	"1"	""	""	""	""
"256"	"4"	"2"	"2"	"2"	90.0	7.0	"3"	"12"	"6"	"12"	"18"	"0.6"	"1"	"12"	"0.66666666666666663"	"6"	"0.33333333333333331"
"257"	"4"	"2"	"2"	"1"	90.0	7.0	"3"	"22"	"8"	"0"	"8"	"0.27"	"1"	"8"	"1"	"0"	"0"
"258"	"2"	"1"	"2"	"1"	90.0	7.0	"3"	"6"	"3"	"3"	"6"	"0.5"	"1"	"3"	"0.5"	"3"	"0.5"
"259"	"1"	"1"	"1"	"3"	90.0	7.0	"3"	"8"	"4"	""	"4"	"0.33333333333333331"	"1"	""	""	""	""
"260"	"2"	"1"	"2"	"2"	90.0	7.0	"3"	"8"	"2"	"2"	"4"	"0.33333333333333331"	"1"	"2"	"0.5"	"2"	"0.5"
"261"	"4"	"2"	"2"	"2"	91.0	7.0	"3"	"9"	"13"	"8"	"21"	"0.7"	"1"	"13"	"0.61904761904761907"	"8"	"0.38095238095238093"
"262"	"1"	"1"	"1"	"1"	91.0	7.0	"3"	"7"	"5"	""	"5"	"0.41666666666666669"	"1"	""	""	""	""
"263"	"1"	"1"	"1"	"2"	91.0	7.0	"3"	"8"	"22"	""	"22"	"1.8333333333333333"	"1"	""	""	""	""
"264"	"3"	"2"	"1"	"2"	91.0	7.0	"3"	"5"	"25"	""	"25"	"0.83333333333333337"	"1"	""	""	""	""
"265"	"1"	"1"	"1"	"1"	92.0	7.0	"3"	"6"	"6"	""	"6"	"0.5"	"1"	""	""	""	""
"266"	"1"	"1"	"1"	"1"	92.0	7.0	"3"	"12"	"0"	""	"0"	"0"	"0"	""	""	""	""
"267"	"4"	"2"	"2"	"2"	92.0	7.0	"3"	"30"	"0"	"0"	"0"	"0"	"0"	""	""	""	""
"268"	"2"	"1"	"2"	"2"	92.0	7.0	"3"	"6"	"3"	"3"	"6"	"0.5"	"1"	"6"	"0.5"	"6"	"0.5"
"269"	"3"	"2"	"1"	"1"	92.0	7.0	"3"	"25"	"5"	""	"5"	"0.16666666666666666"	"1"	""	""	""	""
"270"	"3"	"2"	"1"	"1"	92.0	7.0	"3"	"11"	"19"	""	"19"	"0.6333333333333333"	"1"	""	""	""	""
"271"	"2"	"1"	"2"	"2"	92.0	7.0	"3"	"4"	"8"	"0"	"8"	"0.66666666666666663"	"1"	"8"	"1"	"0"	"0"
"272"	"2"	"1"	"2"	"2"	93.0	7.0	"3"	"6"	"3"	"3"	"6"	"0.5"	"1"	"3"	"0.5"	"3"	"0.5"
"273"	"4"	"2"	"2"	"1"	93.0	7.0	"3"	"0"	"15"	"15"	"30"	"1"	"1"	"15"	"0.5"	"15"	"0.5"
"274"	"4"	"2"	"2"	"1"	93.0	7.0	"3"	"11"	"12"	"7"	"19"	"0.63"	"1"	"12"	"0.63157894736842102"	"7"	"0.36842105263157893"
"275"	"3"	"2"	"1"	"2"	93.0	7.0	"3"	"13"	"17"	""	"17"	"0.56666666666666665"	"1"	""	""	""	""
"276"	"2"	"1"	"2"	"2"	93.0	7.0	"3"	"12"	"0"	"0"	"0"	"0"	"0"	""	""	""	""
"277"	"4"	"2"	"2"	"1"	94.0	7.0	"3"	"20"	"5"	"5"	"10"	"0.33"	"1"	"5"	"0.5"	"5"	"0.5"
"278"	"2"	"1"	"2"	"2"	94.0	7.0	"3"	"6"	"3"	"3"	"6"	"0.5"	"1"	"3"	"0.5"	"3"	"0.5"
"279"	"3"	"2"	"1"	"2"	94.0	7.0	"3"	"26"	"4"	""	"4"	"0.13333333333333333"	"1"	""	""	""	""
"280"	"3"	"2"	"1"	"2"	94.0	7.0	"3"	"7"	"10"	"13"	"23"	"0.76666666666666672"	"1"	"13"	"0.56521739130434778"	"10"	"0.43478260869565216"
"281"	"3"	"2"	"1"	"2"	95.0	7.0	"3"	"15"	"15"	""	"15"	"0.5"	"1"	""	""	""	""
"282"	"1"	"1"	"1"	"2"	95.0	7.0	"3"	"6"	"6"	""	"6"	"0.5"	"1"	""	""	""	""
"283"	"2"	"1"	"2"	"1"	95.0	7.0	"3"	"12"	"0"	""	"0"	"0"	"0"	""	""	""	""
"284"	"2"	"1"	"2"	"1"	95.0	7.0	"3"	"4"	"4"	"4"	"8"	"0.66666666666666663"	"1"	"4"	"0.5"	"4"	"0.5"
"285"	"1"	"1"	"1"	"2"	96.0	8.0	"3"	"6"	"6"	""	"6"	"0.5"	"1"	""	""	""	""
"286"	"1"	"1"	"1"	"1"	96.0	8.0	"3"	"8"	"4"	""	"4"	"0.33"	"1"	""	""	""	""
"287"	"2"	"1"	"2"	"1"	96.0	8.0	"3"	"6"	"3"	"3"	"6"	"0.5"	"1"	"3"	"0.5"	"3"	"0.5"
"288"	"3"	"2"	"1"	"1"	96.0	8.0	"3"	"17"	"13"	""	"13"	"0.43"	"1"	""	""	""	""
"289"	"3"	"2"	"1"	"2"	96.0	8.0	"3"	"5"	"25"	""	"25"	"0.83333333333333337"	"1"	""	""	""	""
"290"	"4"	"2"	"2"	"2"	96.0	8.0	"3"	"11"	"7"	"12"	"19"	"0.6333333333333333"	"1"	"12"	"0.63157894736842102"	"7"	"0.36842105263157893"
"291"	"2"	"1"	"2"	"1"	97.0	8.0	"3"	"6"	"3"	"3"	"6"	"0.5"	"1"	"3"	"0.5"	"3"	"0.5"
"292"	"2"	"1"	"2"	"1"	97.0	8.0	"3"	"4"	"4"	"4"	"8"	"0.67"	"1"	"4"	"0.5"	"4"	"0.5"
"293"	"2"	"1"	"2"	"1"	97.0	8.0	"3"	"6"	"3"	"3"	"6"	"0.5"	"1"	"3"	"0.5"	"3"	"0.5"
"294"	"2"	"1"	"2"	"2"	97.0	8.0	"3"	"1"	"5"	"6"	"11"	"0.91666666666666663"	"1"	"6"	"0.54545454545454541"	"5"	"0.45454545454545453"
"295"	"1"	"1"	"1"	"1"	98.0	8.0	"3"	"6"	"6"	""	"6"	"0.5"	"1"	""	""	""	""
"296"	"4"	"2"	"2"	"1"	98.0	8.0	"3"	"16"	"7"	"7"	"14"	"0.47"	"1"	"7"	"0.5"	"7"	"0.5"
"297"	"4"	"2"	"2"	"1"	98.0	8.0	"3"	"8"	"22"	"0"	"22"	"0.73"	"1"	"22"	"1"	"0"	"0"
"298"	"1"	"1"	"1"	"2"	98.0	8.0	"3"	"5"	"7"	""	"7"	"0.58333333333333337"	"1"	""	""	""	""
"299"	"3"	"2"	"1"	"2"	98.0	8.0	"3"	"17"	"13"	""	"13"	"0.43333333333333335"	"1"	""	""	""	""
"300"	"4"	"2"	"2"	"1"	98.0	8.0	"3"	"12"	"9"	"9"	"18"	"0.6"	"1"	"9"	"0.5"	"9"	"0.5"
"301"	"1"	"1"	"1"	"2"	98.0	8.0	"3"	"9"	"3"	""	"3"	"0.25"	"1"	""	""	""	""
"302"	"4"	"2"	"2"	"1"	98.0	8.0	"3"	"11"	"6"	"13"	"19"	"0.6333333333333333"	"1"	"13"	"0.68421052631578949"	"6"	"0.31578947368421051"
"303"	"2"	"1"	"2"	"1"	99.0	8.0	"3"	"9"	"3"	"0"	"3"	"0.25"	"1"	"3"	"1"	"0"	"0"
"304"	"4"	"2"	"2"	"2"	99.0	8.0	"3"	"14"	"13"	"3"	"16"	"0.53333333333333333"	"1"	"13"	"0.8125"	"3"	"0.1875"
"305"	"3"	"2"	"1"	"1"	100.0	8.0	"3"	"27"	"3"	""	"3"	"0.1"	"1"	""	""	""	""
"306"	"1"	"1"	"1"	"1"	100.0	8.0	"3"	"6"	"6"	""	"6"	"0.5"	"1"	""	""	""	""
"307"	"2"	"1"	"2"	"2"	100.0	8.0	"3"	"10"	"1"	"1"	"2"	"0.16666666666666666"	"1"	"1"	"0.5"	"1"	"0.5"
"308"	"3"	"2"	"1"	"1"	100.0	8.0	"3"	"11"	"19"	""	"19"	"0.6333333333333333"	"1"	""	""	""	""
"309"	"1"	"1"	"1"	"1"	100.0	8.0	"3"	"5"	"7"	""	"7"	"0.58333333333333337"	"1"	""	""	""	""
"310"	"1"	"1"	"1"	"1"	100.0	8.0	"3"	"7"	"5"	""	"5"	"0.41666666666666669"	"1"	""	""	""	""
"311"	"1"	"1"	"1"	"1"	101.0	8.0	"3"	"2"	"10"	""	"10"	"0.83"	"1"	""	""	""	""
"312"	"2"	"1"	"2"	"2"	101.0	8.0	"3"	"12"	"0"	"0"	"0"	"0"	"0"	""	""	""	""
"313"	"4"	"2"	"2"	"2"	101.0	8.0	"3"	"6"	"12"	"12"	"24"	"0.8"	"1"	"12"	"0.5"	"12"	"0.5"
"314"	"4"	"2"	"2"	"1"	101.0	8.0	"3"	"10"	"10"	"10"	"20"	"0.67"	"1"	"10"	"0.5"	"10"	"0.5"
"315"	"4"	"2"	"2"	"1"	101.0	8.0	"3"	"8"	"9"	"13"	"22"	"0.73333333333333328"	"1"	"13"	"0.59090909090909094"	"9"	"0.40909090909090912"
"316"	"2"	"1"	"2"	"1"	101.0	8.0	"3"	"6"	"3"	"3"	"6"	"0.5"	"1"	"3"	"0.5"	"3"	"0.5"
"317"	"4"	"2"	"2"	"1"	103.0	8.0	"3"	"10"	"10"	"10"	"20"	"0.66666666666666663"	"1"	"10"	"0.5"	"10"	"0.5"
"318"	"4"	"2"	"2"	"2"	104.0	8.0	"3"	"3"	"13"	"14"	"27"	"0.9"	"1"	"14"	"0.51851851851851849"	"13"	"0.48148148148148145"
"319"	"1"	"1"	"1"	"1"	104.0	8.0	"3"	"8"	"4"	""	"4"	"0.33333333333333331"	"1"	""	""	""	""
"320"	"2"	"1"	"2"	"2"	104.0	8.0	"3"	"4"	"3"	"5"	"8"	"0.66666666666666663"	"1"	"5"	"0.625"	"3"	"0.375"
"321"	"3"	"2"	"1"	"1"	105.0	8.0	"3"	"14"	"16"	""	"16"	"0.53"	"1"	""	""	""	""
"322"	"3"	"2"	"1"	"2"	105.0	8.0	"3"	"23"	"7"	""	"7"	"0.23"	"1"	""	""	""	""
"323"	"3"	"2"	"1"	"1"	105.0	8.0	"3"	"15"	"15"	""	"15"	"0.5"	"1"	""	""	""	""
"324"	"1"	"1"	"1"	"1"	106.0	8.0	"3"	"6"	"6"	""	"6"	"0.5"	"1"	""	""	""	""
"325"	"2"	"1"	"2"	"1"	106.0	8.0	"3"	"12"	"0"	"0"	"0"	"0"	"0"	""	""	""	""
"326"	"3"	"2"	"1"	"2"	106.0	8.0	"3"	"14"	"16"	""	"16"	"0.53333333333333333"	"1"	""	""	""	""
"327"	"4"	"2"	"2"	"1"	106.0	8.0	"3"	"30"	"0"	"0"	"0"	"0"	"0"	""	""	""	""
"328"	"4"	"2"	"2"	"2"	106.0	8.0	"3"	"0"	"20"	"10"	"30"	"1"	"1"	"20"	"0.66666666666666663"	"10"	"0.33333333333333331"
"329"	"1"	"1"	"1"	"2"	107.0	8.0	"3"	"8"	"4"	""	"4"	"0.33"	"1"	""	""	""	""
"330"	"3"	"2"	"1"	"1"	107.0	8.0	"3"	"14"	"16"	""	"16"	"0.53"	"1"	""	""	""	""
"331"	"4"	"2"	"2"	"1"	107.0	8.0	"3"	"30"	"0"	"0"	"0"	"0"	"0"	""	""	""	""
"332"	"2"	"1"	"2"	"2"	107.0	8.0	"3"	"2"	"5"	"5"	"10"	"0.83333333333333337"	"1"	"5"	"0.5"	"5"	"0.5"
"333"	"1"	"1"	"1"	"2"	108.0	9.0	"4"	"6"	"6"	""	"6"	"0.5"	"1"	""	""	""	""
"334"	"1"	"1"	"1"	"1"	108.0	9.0	"4"	"4"	"8"	""	"8"	"0.67"	"1"	""	""	""	""
"335"	"2"	"1"	"2"	"1"	108.0	9.0	"4"	"10"	"1"	"1"	"2"	"0.17"	"1"	"1"	"0.5"	"1"	"0.5"
"336"	"4"	"2"	"2"	"2"	108.0	9.0	"4"	"14"	"9"	"7"	"16"	"0.53"	"1"	"9"	"0.5625"	"7"	"0.4375"
"337"	"2"	"1"	"2"	"1"	108.0	9.0	"4"	"6"	"3"	"3"	"6"	"0.5"	"1"	"3"	"0.5"	"3"	"0.5"
"338"	"1"	"1"	"1"	"2"	108.0	9.0	"4"	"3"	"9"	""	"9"	"0.75"	"1"	""	""	""	""
"339"	"4"	"2"	"2"	"2"	108.0	9.0	"4"	"12"	"6"	"12"	"18"	"0.6"	"1"	"12"	"0.66666666666666663"	"6"	"0.33333333333333331"
"340"	"1"	"1"	"1"	"1"	109.0	9.0	"4"	"7"	"5"	""	"5"	"0.42"	"1"	""	""	""	""
"341"	"3"	"2"	"1"	"1"	109.0	9.0	"4"	"16"	"14"	""	"14"	"0.47"	"1"	""	""	""	""
"342"	"3"	"2"	"1"	"1"	109.0	9.0	"4"	"15"	"15"	""	"15"	"0.5"	"1"	""	""	""	""
"343"	"3"	"2"	"1"	"2"	110.0	9.0	"4"	"15"	"15"	""	"15"	"0.5"	"1"	""	""	""	""
"344"	"4"	"2"	"2"	"2"	110.0	9.0	"4"	"11"	"12"	"7"	"19"	"0.63"	"1"	"12"	"0.63157894736842102"	"7"	"0.36842105263157893"
"345"	"1"	"1"	"1"	"1"	110.0	9.0	"4"	"6"	"6"	""	"6"	"0.5"	"1"	""	""	""	""
"346"	"2"	"1"	"2"	"2"	111.0	9.0	"4"	"8"	"2"	"2"	"4"	"0.33"	"1"	"2"	"0.5"	"2"	"0.5"
"347"	"1"	"1"	"1"	"2"	111.0	9.0	"4"	"9"	"3"	""	"3"	"0.25"	"1"	""	""	""	""
"348"	"3"	"2"	"1"	"1"	112.0	9.0	"4"	"19"	"11"	""	"11"	"0.37"	"1"	""	""	""	""
"349"	"4"	"2"	"2"	"2"	112.0	9.0	"4"	"13"	"9"	"8"	"17"	"0.56999999999999995"	"1"	"9"	"0.52941176470588236"	"8"	"0.47058823529411764"
"350"	"3"	"2"	"1"	"1"	112.0	9.0	"4"	"24"	"6"	""	"6"	"0.2"	"1"	""	""	""	""
"351"	"2"	"1"	"2"	"1"	112.0	9.0	"4"	"5"	"3"	"4"	"7"	"0.58333333333333337"	"1"	"4"	"0.5714285714285714"	"3"	"0.42857142857142855"
"352"	"1"	"1"	"1"	"2"	113.0	9.0	"4"	"9"	"3"	""	"3"	"0.25"	"1"	""	""	""	""
"353"	"4"	"2"	"2"	"2"	113.0	9.0	"4"	"3"	"13"	"14"	"27"	"0.9"	"1"	"14"	"0.51851851851851849"	"13"	"0.48148148148148145"
"354"	"2"	"1"	"2"	"1"	113.0	9.0	"4"	"4"	"4"	"4"	"8"	"0.66666666666666663"	"1"	"4"	"0.5"	"4"	"0.5"
"355"	"3"	"2"	"1"	"0"	113.0	9.0	"4"	"20"	"10"	""	"10"	"0.33333333333333331"	"1"	""	""	""	""
"356"	"1"	"1"	"1"	"1"	113.0	9.0	"4"	"6"	"6"	""	"6"	"0.5"	"1"	""	""	""	""
"357"	"2"	"1"	"2"	"2"	113.0	9.0	"4"	"12"	"0"	""	"0"	"0"	"0"	""	""	""	""
"358"	"1"	"1"	"1"	"2"	114.0	9.0	"4"	"1"	"11"	""	"11"	"0.91666666666666663"	"1"	""	""	""	""
"359"	"2"	"1"	"2"	"1"	115.0	9.0	"4"	"6"	"3"	"3"	"6"	"0.5"	"1"	"3"	"0.5"	"3"	"0.5"
"360"	"2"	"1"	"2"	"1"	115.0	9.0	"4"	"8"	"2"	"2"	"4"	"0.33333333333333331"	"1"	"2"	"0.5"	"2"	"0.5"
"361"	"3"	"2"	"1"	"2"	116.0	9.0	"4"	"30"	"0"	""	"0"	"0"	"0"	""	""	""	""
"362"	"1"	"1"	"1"	"1"	117.0	9.0	"4"	"6"	"6"	""	"6"	"0.5"	"1"	""	""	""	""
"363"	"2"	"1"	"2"	"1"	117.0	9.0	"4"	"6"	"3"	"3"	"6"	"0.5"	"1"	"3"	"0.5"	"3"	"0.5"
"364"	"4"	"2"	"2"	"1"	117.0	9.0	"4"	"11"	"10"	"9"	"19"	"0.63"	"1"	"10"	"0.52631578947368418"	"9"	"0.47368421052631576"
"365"	"3"	"2"	"1"	"2"	117.0	9.0	"4"	"14"	"16"	""	"16"	"0.53"	"1"	""	""	""	""
"366"	"3"	"2"	"1"	"1"	117.0	9.0	"4"	"9"	"21"	""	"21"	"0.7"	"1"	""	""	""	""
"367"	"2"	"1"	"2"	"1"	119.0	9.0	"4"	"4"	"4"	"4"	"8"	"0.67"	"1"	"4"	"0.5"	"4"	"0.5"
"368"	"3"	"2"	"1"	"2"	120.0	10.0	"4"	"22"	"8"	""	"8"	"0.27"	"1"	""	""	""	""
"369"	"3"	"2"	"1"	"1"	120.0	10.0	"4"	"16"	"14"	""	"14"	"0.46666666666666667"	"1"	""	""	""	""
"370"	"4"	"2"	"1"	"2"	121.0	10.0	"4"	"3"	"5"	"4"	"9"	"0.75"	"1"	"5"	"0.55555555555555558"	"4"	"0.44444444444444442"
"371"	"1"	"1"	"1"	"1"	122.0	10.0	"4"	"11"	"1"	""	"1"	"8.3333333333333329E-2"	"1"	""	""	""	""
"372"	"2"	"1"	"2"	"1"	123.0	10.0	"4"	"5"	"7"	""	"7"	"0.58333333333333337"	"1"	""	""	""	""
"373"	"4"	"2"	"2"	"2"	123.0	10.0	"4"	"11"	"10"	"9"	"19"	"0.6333333333333333"	"1"	"10"	"0.52631578947368418"	"9"	"0.47368421052631576"
"374"	"3"	"2"	"1"	"1"	124.0	10.0	"4"	"7"	"23"	""	"23"	"0.76666666666666672"	"1"	""	""	""	""
"375"	"4"	"2"	"2"	"1"	124.0	10.0	"4"	"10"	"10"	"10"	"20"	"0.66666666666666663"	"1"	"10"	"0.5"	"10"	"0.5"
"376"	"4"	"2"	"2"	"2"	124.0	10.0	"4"	"10"	"10"	"10"	"20"	"0.66666666666666663"	"1"	"10"	"0.5"	"10"	"0.5"
"377"	"2"	"1"	"2"	"1"	125.0	10.0	"4"	"4"	"4"	"4"	"8"	"0.67"	"1"	"4"	"0.5"	"4"	"0.5"
"378"	"4"	"2"	"2"	"1"	125.0	10.0	"4"	"12"	"9"	"9"	"18"	"0.6"	"1"	"9"	"0.5"	"9"	"0.5"
"379"	"4"	"2"	"2"	"2"	125.0	10.0	"4"	"0"	"15"	"15"	"30"	"1"	"1"	"15"	"0.5"	"15"	"0.5"
"380"	"4"	"2"	"2"	"2"	125.0	10.0	"4"	"2"	"14"	"14"	"28"	"0.93333333333333335"	"1"	"14"	"0.5"	"14"	"0.5"
"381"	"2"	"1"	"2"	"2"	126.0	10.0	"4"	"4"	"4"	"4"	"8"	"0.67"	"1"	"4"	"0.5"	"4"	"0.5"
"382"	"1"	"1"	"1"	"1"	127.0	10.0	"4"	"6"	"6"	""	"6"	"0.5"	"1"	""	""	""	""
"383"	"3"	"2"	"1"	"2"	128.0	10.0	"4"	"0"	"30"	""	"30"	"1"	"1"	""	""	""	""
"384"	"3"	"2"	"1"	"2"	129.0	10.0	"4"	"0"	"30"	""	"30"	"1"	"1"	""	""	""	""
"385"	"2"	"1"	"2"	"1"	129.0	10.0	"4"	"4"	"4"	"4"	"8"	"0.66666666666666663"	"1"	"4"	"0.5"	"4"	"0.5"
"386"	"1"	"1"	"1"	"1"	129.0	10.0	"4"	"8"	"4"	""	"4"	"0.33333333333333331"	"1"	""	""	""	""
"387"	"3"	"2"	"1"	"2"	129.0	10.0	"4"	"15"	"15"	""	"15"	"0.5"	"1"	""	""	""	""
"388"	"3"	"2"	"1"	"1"	131.0	10.0	"4"	"18"	"12"	""	"12"	"0.4"	"1"	""	""	""	""
"389"	"2"	"1"	"2"	"1"	131.0	10.0	"4"	"4"	"4"	"4"	"8"	"0.66666666666666663"	"1"	"4"	"0.5"	"4"	"0.5"
"390"	"1"	"1"	"1"	"2"	132.0	11.0	"4"	"7"	"5"	""	"5"	"0.42"	"1"	""	""	""	""
"391"	"4"	"2"	"2"	"2"	133.0	11.0	"4"	"0"	"15"	"15"	"30"	"1"	"1"	"15"	"0.5"	"15"	"0.5"
"392"	"4"	"2"	"2"	"2"	134.0	11.0	"4"	"2"	"17"	"11"	"28"	"0.93"	"1"	"17"	"0.6071428571428571"	"11"	"0.39285714285714285"
"393"	"2"	"1"	"2"	"2"	134.0	11.0	"4"	"3"	"4"	"5"	"9"	"0.75"	"1"	"5"	"0.55555555555555558"	"4"	"0.44444444444444442"
"394"	"4"	"2"	"2"	"2"	135.0	11.0	"4"	"10"	"10"	"10"	"20"	"0.67"	"1"	"10"	"0.5"	"10"	"0.5"
"395"	"4"	"2"	"2"	"1"	135.0	11.0	"4"	"19"	"7"	"4"	"11"	"0.37"	"1"	"7"	"0.63636363636363635"	"4"	"0.36363636363636365"
"396"	"1"	"1"	"1"	"2"	136.0	11.0	"4"	"2"	"10"	""	"10"	"0.83"	"1"	""	""	""	""
"397"	"4"	"2"	"2"	"1"	136.0	11.0	"4"	"9"	"13"	"8"	"21"	"0.7"	"1"	"13"	"0.61904761904761907"	"8"	"0.38095238095238093"
"398"	"1"	"1"	"1"	"1"	137.0	11.0	"4"	"3"	"9"	""	"9"	"0.75"	"1"	""	""	""	""
"399"	"1"	"1"	"1"	"2"	137.0	11.0	"4"	"6"	"6"	""	"6"	"0.5"	"1"	""	""	""	""
"400"	"4"	"2"	"2"	"2"	139.0	11.0	"4"	"30"	"0"	"0"	"0"	"0"	"0"	""	""	""	""
"401"	"3"	"2"	"1"	"1"	143.0	11.0	"4"	"16"	"14"	""	"14"	"0.46666666666666667"	"1"	""	""	""	""
